{"cameraMode":{"drawMode":0,"name":"Shaded","section":"Shading Mode"},"sceneLighting":false,"audioPlay":false,"sceneViewState":{"m_AlwaysRefresh":false,"showFog":true,"showSkybox":false,"showFlares":true,"showImageEffects":true,"showParticleSystems":true,"showVisualEffectGraphs":true,"m_FxEnabled":true},"in2DMode":false,"pivot":{"x":-11.734683990478516,"y":-1.3489532470703126,"z":13.704963684082032},"rotation":{"x":0.17419427633285523,"y":-0.23385342955589295,"z":0.04262901097536087,"w":0.9555912613868713},"size":18.592296600341798,"orthographic":false}