{"cameraMode":{"drawMode":0,"name":"Shaded","section":"Shading Mode"},"sceneLighting":true,"audioPlay":false,"sceneViewState":{"m_AlwaysRefresh":true,"showFog":true,"showSkybox":true,"showFlares":true,"showImageEffects":true,"showParticleSystems":true,"showVisualEffectGraphs":true,"m_FxEnabled":true},"in2DMode":false,"pivot":{"x":2.739286422729492,"y":14.717394828796387,"z":-1.3167208433151246},"rotation":{"x":0.04024961590766907,"y":-0.10830768197774887,"z":0.004403815604746342,"w":0.9933474063873291},"size":0.8660253882408142,"orthographic":false}