{"cameraMode":{"drawMode":0,"name":"Shaded","section":"Shading Mode"},"sceneLighting":false,"audioPlay":false,"sceneViewState":{"m_AlwaysRefresh":true,"showFog":true,"showSkybox":false,"showFlares":true,"showImageEffects":true,"showParticleSystems":true,"showVisualEffectGraphs":true,"m_FxEnabled":true},"in2DMode":false,"pivot":{"x":0.000606536865234375,"y":2.0198397636413576,"z":3.408818244934082},"rotation":{"x":0.005751047283411026,"y":0.9692888855934143,"z":-0.24492007493972779,"w":0.022680779919028283},"size":19.939300537109376,"orthographic":false}