{"cameraMode":{"drawMode":0,"name":"Shaded","section":"Shading Mode"},"sceneLighting":false,"audioPlay":false,"sceneViewState":{"m_AlwaysRefresh":true,"showFog":true,"showSkybox":false,"showFlares":true,"showImageEffects":true,"showParticleSystems":true,"showVisualEffectGraphs":true,"m_FxEnabled":true},"in2DMode":false,"pivot":{"x":2.971712827682495,"y":9.991966247558594,"z":18.060441970825197},"rotation":{"x":0.005751047283411026,"y":0.9692888855934143,"z":-0.24492007493972779,"w":0.022680779919028283},"size":0.8660253882408142,"orthographic":false}