{"cameraMode":{"drawMode":0,"name":"Shaded","section":"Shading Mode"},"sceneLighting":false,"audioPlay":false,"sceneViewState":{"m_AlwaysRefresh":true,"showFog":true,"showSkybox":false,"showFlares":true,"showImageEffects":true,"showParticleSystems":true,"showVisualEffectGraphs":true,"m_FxEnabled":true},"in2DMode":false,"pivot":{"x":-59.12047576904297,"y":29.903520584106447,"z":-0.13249754905700684},"rotation":{"x":0.03762829303741455,"y":0.9108485579490662,"z":-0.08524207025766373,"w":0.40218234062194826},"size":0.8660253882408142,"orthographic":false}