{"cameraMode":{"drawMode":0,"name":"Shaded","section":"Shading Mode"},"sceneLighting":false,"audioPlay":false,"sceneViewState":{"m_AlwaysRefresh":false,"showFog":true,"showSkybox":false,"showFlares":true,"showImageEffects":true,"showParticleSystems":true,"showVisualEffectGraphs":true,"m_FxEnabled":true},"in2DMode":false,"pivot":{"x":0.000003814697265625,"y":4.234931945800781,"z":-2.7919692993164064},"rotation":{"x":0.11788339167833328,"y":-0.5281031131744385,"z":0.07431882619857788,"w":0.8376687169075012},"size":40.74571228027344,"orthographic":false}